brand,list,email,date_sent,followup1_date,followup2_date,replied,bounced,unsubscribed,domain,subject,message_id,resend_ids
Orientana,A,sklep@orientana.pl,2026-09-26,,,no,no,no,orientana.pl,Orientana on TikTok Shop in Hungary,<2e5994ed-065f-40a3-aec2-0bca7602dfcf@outreach.joinmatchly.com>,01a0ded9-7f61-737e-92a3-a7f8c1adef96
Mokosh,B,biuro@mokosh.pl,2026-09-26,,,no,no,no,mokosh.pl,TikTok Shop for Mokosh in Hungary,<966e09c1-2064-4eca-8e03-fa78d9b43643@outreach.joinmatchly.com>,01a0deda-316c-744a-b8c8-37ddbe3d5a1e
PAESE,A,export@paese.pl,2026-09-26,,,no,no,no,paese.pl,PAESE on TikTok Shop in Hungary,<b125c887-c9b9-4d35-b836-3c0438ea54f2@outreach.joinmatchly.com>,01a0deda-e30f-70da-bed1-5b5dfb496357
Sylveco,B,export@sylveco.pl,2026-09-26,,,no,no,no,sylveco.pl,TikTok Shop for Sylveco in Hungary,<8aa9c903-05eb-40de-9e78-46927357859b@outreach.joinmatchly.com>,01a0dedb-94b0-73d3-a65b-b39b215c3d7c
Claresa,A,biuro@claresa.pl,2026-09-26,,,no,no,no,claresa.pl,Claresa on TikTok Shop in Hungary,<565b3bb7-c1d9-44a7-b5ac-60b712310bdf@outreach.joinmatchly.com>,01a0dedc-462e-74dd-a6f4-7a895cc1dc0a
Tuban,A,kontakt@tuban.pl,2026-09-26,,,no,no,no,tuban.pl,Tuban on TikTok Shop in Hungary,<40516800-6fd6-4c44-a9ba-d85bac04b4b1@outreach.joinmatchly.com>,01a0dedc-f812-71bf-a4ab-de725e10e3aa
Nala's Baby,A,info@nalasbaby.com,2026-09-26,,,no,no,no,nalasbaby.com,Nala's Baby on TikTok Shop in Hungary,<bea5e88e-2ba8-412e-b090-cfa0a01613ae@outreach.joinmatchly.com>,01a0dedd-a9d2-715f-9115-abfdff6e654c
Bellamianta,A,info@bellamianta.com,2026-09-26,,,no,no,no,bellamianta.com,Bellamianta on TikTok Shop in Hungary,<76cb4c6b-2afc-4bc6-8723-88b567353aa9@outreach.joinmatchly.com>,01a0dede-5b70-7549-9dc8-486bc8af0370
Hairburst,A,support@hairburst.com,2026-09-26,,,no,no,no,hairburst.com,Hairburst on TikTok Shop in Hungary,<e69f0b7c-4069-454b-bc6e-f6441f64ba8b@outreach.joinmatchly.com>,01a0dedf-0d4d-714a-9148-75998803d5b9
Fable & Mane,A,support@fableandmane.com,2026-09-26,,,no,no,no,fableandmane.com,Fable & Mane on TikTok Shop in Hungary,<2d0b3881-2ca9-4214-a9dc-b317cad13227@outreach.joinmatchly.com>,01a0dedf-bf0b-74d0-afc4-9636e6ffc8d7
SINGULARU,A,info@singularu.com,2026-09-26,,,no,no,no,singularu.com,SINGULARU on TikTok Shop in Hungary,<42d64a64-677d-43c2-97cb-921d3307d1d5@outreach.joinmatchly.com>,01a0dee0-70db-713f-9214-12fd12b6dce4
Dr.PAWPAW,A,info@drpawpaw.com,2026-09-26,,,no,no,no,drpawpaw.co.uk,Dr.PAWPAW on TikTok Shop in Hungary,<25d34e6f-5ddd-4091-ac47-ecb7b187334f@outreach.joinmatchly.com>,01a0dee1-22b1-71fe-bb2e-df304b762a55
Glow Hub,A,hello@glowhub.com,2026-09-26,,,no,no,no,glowhub.co.uk,Glow Hub on TikTok Shop in Hungary,<9e8c2ea8-6cb9-4d30-b9d7-6da8bc48aaa9@outreach.joinmatchly.com>,01a0dee1-d4e9-7388-82a4-07d47bb4f893
Dr Botanicals,A,helpdesk@drbotanicals.com,2026-09-26,,,no,no,no,drbotanicals.com,Dr Botanicals on TikTok Shop in Hungary,<3e73cfd3-ce92-40f5-93c5-00d791d76d8c@outreach.joinmatchly.com>,01a0dee2-86e1-700b-a0ac-98096afa11f9
Novomins,A,hello@novomins.com,2026-09-26,,,no,no,no,novomins.com,Novomins on TikTok Shop in Hungary,<ada57f48-f081-49a1-828d-fd08cb5d85e9@outreach.joinmatchly.com>,01a0dee3-387d-741f-8d64-c4494d6522ea
Ella & Jo,A,info@ellaandjo.ie,2026-09-26,,,no,no,no,ellaandjo.com,Ella & Jo on TikTok Shop in Hungary,<da33aa06-6749-458d-82e4-82278383d89f@outreach.joinmatchly.com>,01a0dee3-ea0b-743c-9ff0-989dce9e82ff
Tangle Angel,A,info@tangleangel.com,2026-09-26,,,no,no,no,tangleangel.com,Tangle Angel on TikTok Shop in Hungary,<53b82f32-827f-45a4-91cd-0ba3791dbbd6@outreach.joinmatchly.com>,01a0dee4-9bb1-75ed-a6ae-a8fda1697a04
